{
  "model": "MLP",
  "range": "NIR",
  "preprocess": "snv",
  "seed": 0,
  "n_params": 165889,
  "n_bands": 486,
  "n_train": 10920,
  "n_test": 118,
  "epochs_run": 44,
  "time_s": 48.5,
  "r2": 0.42721792918315515,
  "rmse": 0.4842534807397063,
  "mae": 0.346659476221618,
  "bias": 0.046542553830954986,
  "rpd": 1.321311735771162,
  "rpiq": 1.7088158338752377
}