{
  "model": "MLP",
  "range": "NIR",
  "preprocess": "sg1",
  "seed": 0,
  "n_params": 165889,
  "n_bands": 486,
  "n_train": 10920,
  "n_test": 118,
  "epochs_run": 62,
  "time_s": 73.4,
  "r2": 0.47623666194054115,
  "rmse": 0.4630688752871754,
  "mae": 0.3307962066541284,
  "bias": 0.07406573452181735,
  "rpd": 1.3817594775563375,
  "rpiq": 1.7869912223835553
}