{
  "model": "MLP",
  "range": "NIR",
  "preprocess": "raw",
  "seed": 0,
  "n_params": 165889,
  "n_bands": 486,
  "n_train": 546,
  "n_test": 118,
  "epochs_run": 117,
  "time_s": 27.3,
  "r2": 0.06367396408306525,
  "rmse": 0.6191438976139374,
  "mae": 0.49603921427565106,
  "bias": 0.05216426212908858,
  "rpd": 1.0334428148783226,
  "rpiq": 1.3365231215158948
}