{
  "model": "SpectralNet",
  "range": "VISNIR",
  "preprocess": "raw",
  "seed": 0,
  "n_params": 239579,
  "n_bands": 1988,
  "n_train": 546,
  "n_test": 118,
  "epochs_run": 80,
  "time_s": 350.1,
  "r2": 0.01771449036789552,
  "rmse": 0.6341571825390081,
  "mae": 0.49222749926276127,
  "bias": 0.04227327744839555,
  "rpd": 1.0089766858794902,
  "rpiq": 1.3048817509144843
}