{
  "model": "LucasVGG16",
  "range": "VISNIR",
  "preprocess": "raw",
  "seed": 0,
  "n_params": 659107,
  "n_bands": 1988,
  "n_train": 546,
  "n_test": 118,
  "epochs_run": 58,
  "time_s": 77.3,
  "r2": 0.25392097947062797,
  "rmse": 0.5526758157163185,
  "mae": 0.4207010885416451,
  "bias": -0.03382438926373498,
  "rpd": 1.1577307965530919,
  "rpiq": 1.4972613441280784
}