{
  "model": "LucasVGG16",
  "range": "NIR",
  "preprocess": "raw",
  "seed": 0,
  "n_params": 207907,
  "n_bands": 486,
  "n_train": 10920,
  "n_test": 118,
  "epochs_run": 43,
  "time_s": 180.0,
  "r2": 0.38232072481861934,
  "rmse": 0.5028744358040711,
  "mae": 0.3672875572564238,
  "bias": -0.04946965408527245,
  "rpd": 1.2723848373129576,
  "rpiq": 1.64554003262082
}