{
  "model": "LucasResNet16",
  "range": "VIS",
  "preprocess": "raw",
  "seed": 0,
  "n_params": 925729,
  "n_bands": 1502,
  "n_train": 546,
  "n_test": 118,
  "epochs_run": 50,
  "time_s": 29.1,
  "r2": 0.0804113210933558,
  "rmse": 0.6135851707269625,
  "mae": 0.4905975890361657,
  "bias": 0.007248856758667251,
  "rpd": 1.0428052092699747,
  "rpiq": 1.3486312482521259
}