{
  "model": "LucasResNet16",
  "range": "NIR",
  "preprocess": "raw",
  "seed": 0,
  "n_params": 316129,
  "n_bands": 486,
  "n_train": 546,
  "n_test": 118,
  "epochs_run": 80,
  "time_s": 28.0,
  "r2": 0.37136410422183264,
  "rmse": 0.5073149199630661,
  "mae": 0.38428466905981806,
  "bias": -0.028567108057313047,
  "rpd": 1.2612477717222785,
  "rpiq": 1.6311369962601168
}