{
  "model": "MLP",
  "range": "NIR",
  "preprocess": "raw",
  "seed": 0,
  "n_params": 165889,
  "n_bands": 486,
  "n_train": 10920,
  "n_test": 118,
  "epochs_run": 125,
  "time_s": 167.2,
  "r2": 0.4540483043401182,
  "rmse": 0.47277570727850815,
  "mae": 0.3311778981301744,
  "bias": 0.02808955286519002,
  "rpd": 1.3533897730757944,
  "rpiq": 1.7503014701424462
}