{
  "model": "SpectralNet",
  "range": "NIR",
  "preprocess": "raw",
  "seed": 0,
  "n_params": 239579,
  "n_bands": 486,
  "n_train": 546,
  "n_test": 118,
  "epochs_run": 69,
  "time_s": 128.4,
  "r2": -0.019110534476155072,
  "rmse": 0.6459348139893287,
  "mae": 0.5132332954366329,
  "bias": 0.04156146665750924,
  "rpd": 0.9905795422499925,
  "rpiq": 1.2810892318929383
}