{
  "model": "LucasResNet16",
  "range": "VISNIR",
  "preprocess": "raw",
  "seed": 0,
  "n_params": 1218529,
  "n_bands": 1988,
  "n_train": 546,
  "n_test": 118,
  "epochs_run": 79,
  "time_s": 100.1,
  "r2": 0.2473079045947345,
  "rmse": 0.5551198083273311,
  "mae": 0.4111401211407225,
  "bias": 0.016437385546959053,
  "rpd": 1.1526337247680962,
  "rpiq": 1.4906694416109805
}