{
  "config": {
    "range": "NIR",
    "preprocess": "sg1",
    "aggregate": "median",
    "models": [
      "MLP"
    ],
    "init_seeds": [
      0,
      42,
      707
    ],
    "split_seed": 0,
    "epochs": 150,
    "select_bands": false,
    "top_k": 150
  },
  "bands": "todas",
  "members": [
    {
      "member": "MLP_seed0",
      "r2": 0.4498775578035964,
      "rmse": 0.4745781380330972,
      "rpd": 1.3482496581421963,
      "epochs": 111
    },
    {
      "member": "MLP_seed42",
      "r2": 0.4758130872869737,
      "rmse": 0.4632560862937831,
      "rpd": 1.381201092216433,
      "epochs": 81
    },
    {
      "member": "MLP_seed707",
      "r2": 0.47272315476774474,
      "rmse": 0.4646194613967918,
      "rpd": 1.377148108349345,
      "epochs": 150
    }
  ],
  "ensemble_all": {
    "r2": 0.4786510997675941,
    "rmse": 0.46200032152820614,
    "mae": 0.34113819568844167,
    "bias": 0.03145236938686694,
    "rpd": 1.384955339962505,
    "rpiq": 1.7911245861675802
  },
  "best_model": "MLP",
  "ensemble_best_model": {
    "r2": 0.4786510997675941,
    "rmse": 0.46200032152820614,
    "mae": 0.34113819568844167,
    "bias": 0.03145236938686694,
    "rpd": 1.384955339962505,
    "rpiq": 1.7911245861675802
  },
  "n_test_samples": 118,
  "time_s": 51.6
}