{
  "model": "MLP",
  "range": "VISNIR",
  "preprocess": "raw",
  "seed": 0,
  "n_params": 550401,
  "n_bands": 1988,
  "n_train": 546,
  "n_test": 118,
  "epochs_run": 150,
  "time_s": 27.8,
  "r2": 0.16720283237452238,
  "rmse": 0.5839123577838637,
  "mae": 0.4538855188983982,
  "bias": 0.06787387496334012,
  "rpd": 1.095797689217129,
  "rpiq": 1.417164962644613
}