{
  "model": "SpectralNet",
  "range": "VIS",
  "preprocess": "raw",
  "seed": 0,
  "n_params": 239579,
  "n_bands": 1502,
  "n_train": 546,
  "n_test": 118,
  "epochs_run": 80,
  "time_s": 240.6,
  "r2": 0.04907122019317711,
  "rmse": 0.6239532377872956,
  "mae": 0.4813010818877463,
  "bias": 0.03289908625311771,
  "rpd": 1.0254771890181404,
  "rpiq": 1.3262213970409595
}