{
  "model": "LucasVGG16",
  "range": "NIR",
  "preprocess": "snv",
  "seed": 0,
  "n_params": 207907,
  "n_bands": 486,
  "n_train": 10920,
  "n_test": 118,
  "epochs_run": 41,
  "time_s": 179.1,
  "r2": 0.31939936405432456,
  "rmse": 0.5278666427646154,
  "mae": 0.386472192608704,
  "bias": -0.09959187926882404,
  "rpd": 1.2121429076069277,
  "rpiq": 1.567630815168224
}