{
  "model": "LucasVGG16",
  "range": "NIR",
  "preprocess": "raw",
  "seed": 0,
  "n_params": 207907,
  "n_bands": 486,
  "n_train": 546,
  "n_test": 118,
  "epochs_run": 80,
  "time_s": 32.1,
  "r2": 0.4499450695465371,
  "rmse": 0.47454901671587013,
  "mae": 0.33745570000955616,
  "bias": -0.014554663229796845,
  "rpd": 1.3483323952349158,
  "rpiq": 1.743761140699933
}