{
  "model": "MLP",
  "range": "VIS",
  "preprocess": "raw",
  "seed": 0,
  "n_params": 425985,
  "n_bands": 1502,
  "n_train": 546,
  "n_test": 118,
  "epochs_run": 143,
  "time_s": 42.3,
  "r2": 0.15607412042627666,
  "rmse": 0.587800836042469,
  "mae": 0.46225654725301063,
  "bias": 0.056574465359671644,
  "rpd": 1.0885486599046854,
  "rpiq": 1.4077899927428985
}