{
  "model": "LucasResNet16",
  "range": "NIR",
  "preprocess": "snv",
  "seed": 0,
  "n_params": 316129,
  "n_bands": 486,
  "n_train": 10920,
  "n_test": 118,
  "epochs_run": 43,
  "time_s": 147.2,
  "r2": 0.3727544521000329,
  "rmse": 0.5067535935948516,
  "mae": 0.3656362201702797,
  "bias": 0.0010978299177299112,
  "rpd": 1.2626448342485102,
  "rpiq": 1.6329435567037973
}