{
  "model": "LSTMPaper",
  "range": "VIS",
  "preprocess": "raw",
  "seed": 0,
  "n_params": 140417,
  "n_bands": 1502,
  "n_train": 546,
  "n_test": 118,
  "epochs_run": 80,
  "time_s": 104.6,
  "r2": 0.07859454719131365,
  "rmse": 0.6141909826026126,
  "mae": 0.4742496341972028,
  "bias": 0.036714001732357476,
  "rpd": 1.0417766305417613,
  "rpiq": 1.34730101571989
}