{
  "model": "LSTMPaper",
  "range": "NIR",
  "preprocess": "raw",
  "seed": 0,
  "n_params": 140417,
  "n_bands": 486,
  "n_train": 546,
  "n_test": 118,
  "epochs_run": 54,
  "time_s": 35.7,
  "r2": 0.03811957335341942,
  "rmse": 0.6275359211960385,
  "mae": 0.5047671456458205,
  "bias": 0.004521072415982263,
  "rpd": 1.0196226076514876,
  "rpiq": 1.3186498282510126
}