{
  "model": "LSTMPaper",
  "range": "VISNIR",
  "preprocess": "raw",
  "seed": 0,
  "n_params": 140417,
  "n_bands": 1988,
  "n_train": 546,
  "n_test": 118,
  "epochs_run": 80,
  "time_s": 198.9,
  "r2": 0.052209236939463,
  "rmse": 0.6229228800325692,
  "mae": 0.49661015807572056,
  "bias": 0.028436774419525922,
  "rpd": 1.0271733995890937,
  "rpiq": 1.3284150594424011
}