{
  "model": "LucasVGG16",
  "range": "VIS",
  "preprocess": "raw",
  "seed": 0,
  "n_params": 505507,
  "n_bands": 1502,
  "n_train": 546,
  "n_test": 118,
  "epochs_run": 52,
  "time_s": 31.2,
  "r2": 0.1640894562018258,
  "rmse": 0.5850028051277189,
  "mae": 0.45798703320955825,
  "bias": 0.0024532125157825015,
  "rpd": 1.0937551183625351,
  "rpiq": 1.4145233620304365
}