{
  "model": "LucasResNet16",
  "range": "NIR",
  "preprocess": "raw",
  "seed": 0,
  "n_params": 316129,
  "n_bands": 486,
  "n_train": 10920,
  "n_test": 118,
  "epochs_run": 43,
  "time_s": 143.6,
  "r2": 0.35884822057789567,
  "rmse": 0.5123402423565637,
  "mae": 0.38229521629163776,
  "bias": -0.02536028699349549,
  "rpd": 1.248876731303305,
  "rpiq": 1.6151376508919792
}