{
  "model": "LucasVGG16",
  "range": "NIR",
  "preprocess": "sg1",
  "seed": 0,
  "n_params": 207907,
  "n_bands": 486,
  "n_train": 10920,
  "n_test": 118,
  "epochs_run": 49,
  "time_s": 208.0,
  "r2": 0.35868848145226195,
  "rmse": 0.512404061633112,
  "mae": 0.3711585889933473,
  "bias": 0.03760656638670776,
  "rpd": 1.2487211852890212,
  "rpiq": 1.6149364875442935
}