{
  "model": "LucasResNet16",
  "range": "NIR",
  "preprocess": "sg1",
  "seed": 0,
  "n_params": 316129,
  "n_bands": 486,
  "n_train": 10920,
  "n_test": 118,
  "epochs_run": 41,
  "time_s": 138.0,
  "r2": 0.32934543308476816,
  "rmse": 0.5239954146214196,
  "mae": 0.39829314891564643,
  "bias": -0.11580796186196601,
  "rpd": 1.2210981037910267,
  "rpiq": 1.5792123221060368
}