{
  "config": {
    "range": "NIR",
    "preprocess": "sg1",
    "aggregate": "median",
    "models": [
      "MLP"
    ],
    "init_seeds": [
      0,
      42,
      707
    ],
    "split_seed": 0,
    "epochs": 150,
    "select_bands": true,
    "top_k": 150
  },
  "bands": "150 bandas VIP (de 486)",
  "members": [
    {
      "member": "MLP_seed0",
      "r2": 0.3694402828361226,
      "rmse": 0.5080905976933222,
      "rpd": 1.2593222847849066,
      "epochs": 75
    },
    {
      "member": "MLP_seed42",
      "r2": 0.3382343896360671,
      "rmse": 0.520511278452912,
      "rpd": 1.229271754238784,
      "epochs": 100
    },
    {
      "member": "MLP_seed707",
      "r2": 0.39762664370040623,
      "rmse": 0.4966048126724642,
      "rpd": 1.2884486739497154,
      "epochs": 110
    }
  ],
  "ensemble_all": {
    "r2": 0.3844662765230613,
    "rmse": 0.5020002955286791,
    "mae": 0.3660878488572977,
    "bias": 0.043698866488569875,
    "rpd": 1.2746004694898212,
    "rpiq": 1.6484056724210083
  },
  "best_model": "MLP",
  "ensemble_best_model": {
    "r2": 0.3844662765230613,
    "rmse": 0.5020002955286791,
    "mae": 0.3660878488572977,
    "bias": 0.043698866488569875,
    "rpd": 1.2746004694898212,
    "rpiq": 1.6484056724210083
  },
  "n_test_samples": 118,
  "time_s": 37.3
}